insert into department(department_id, name) values(10, 'Fitness Dept 1');
insert into department(department_id, name) values(20, 'Fitness Dept 2');
insert into department(department_id, name) values(30, 'Fitness Dept 3');

insert into employee(employee_id, first_name, last_name, email, gender, department_department_id) 
values(1001, 'Sandya','Choppara', 'infotosandya@gmail.com', 'F', 10);

insert into employee(employee_id, first_name, last_name, email, gender, department_department_id) 
values(1002, 'Ravi','Kuchika', 'infotosandya@gmail.com', 'M', 20);

insert into employee(employee_id, first_name, last_name, email, gender, department_department_id) 
values(1003, 'Sanvik','Kuchika', 'infotosandya@gmail.com', 'M', 30);

insert into employee(employee_id, first_name, last_name, email, gender, department_department_id) 
values(1004, 'Radya','Kuchika', 'infotosandya@gmail.com', 'F', 10);

insert into employee(employee_id, first_name, last_name, email, gender, department_department_id) 
values(1005, 'Diya','Kuchika', 'infotosandya@gmail.com', 'F', 20);

insert into employee(employee_id, first_name, last_name, email, gender, department_department_id) 
values(1006, 'Sunny','Kuchika', 'infotosandya@gmail.com', 'F', 30);

insert into employee(employee_id, first_name, last_name, email, gender, department_department_id) 
values(1007, 'Kiran','Kuchika', 'infotosandya@gmail.com', 'F', 10);

insert into salary(employee_id, basic_salary, allowence)
values(1001,10000,200);

insert into salary(employee_id, basic_salary, allowence)
values(1002,7000,300);

insert into salary(employee_id, basic_salary, allowence)
values(1003,6000,100);

insert into salary(employee_id, basic_salary, allowence)
values(1004,3000,0);

insert into salary(employee_id, basic_salary, allowence)
values(1005,1200,300);

insert into salary(employee_id, basic_salary, allowence)
values(1006,2000,400);

insert into salary(employee_id, basic_salary, allowence)
values(1007,3000,500);


